{"IcoMoonType":"selection","icons":[{"icon":{"paths":["M640 530.286c0 5.143-2.286 9.714-5.714 13.714l-182.286 182.286c-4 3.429-8.571 5.143-13.143 5.143s-9.143-1.714-13.143-5.143l-182.857-182.857c-5.143-5.714-6.857-13.143-4-20s9.714-11.429 17.143-11.429h109.714v-201.143c0-10.286 8-18.286 18.286-18.286h109.714c10.286 0 18.286 8 18.286 18.286v201.143h109.714c10.286 0 18.286 8 18.286 18.286zM438.857 201.143c-171.429 0-310.857 139.429-310.857 310.857s139.429 310.857 310.857 310.857 310.857-139.429 310.857-310.857-139.429-310.857-310.857-310.857zM877.714 512c0 242.286-196.571 438.857-438.857 438.857s-438.857-196.571-438.857-438.857 196.571-438.857 438.857-438.857v0c242.286 0 438.857 196.571 438.857 438.857z"],"width":877.7142857142857,"attrs":[],"isMulticolor":false,"isMulticolor2":false,"tags":["arrow-circle-o-down"],"defaultCode":61466,"grid":14},"attrs":[],"properties":{"name":"arrow-circle-o-down","id":29,"order":43,"prevSize":28,"code":61466},"setIdx":0,"setId":2,"iconIdx":29},{"icon":{"paths":["M638.857 500.571c-2.857 6.857-9.714 11.429-17.143 11.429h-109.714v201.143c0 10.286-8 18.286-18.286 18.286h-109.714c-10.286 0-18.286-8-18.286-18.286v-201.143h-109.714c-10.286 0-18.286-8-18.286-18.286 0-5.143 2.286-9.714 5.714-13.714l182.286-182.286c4-3.429 8.571-5.143 13.143-5.143s9.143 1.714 13.143 5.143l182.857 182.857c5.143 5.714 6.857 13.143 4 20zM438.857 201.143c-171.429 0-310.857 139.429-310.857 310.857s139.429 310.857 310.857 310.857 310.857-139.429 310.857-310.857-139.429-310.857-310.857-310.857zM877.714 512c0 242.286-196.571 438.857-438.857 438.857s-438.857-196.571-438.857-438.857 196.571-438.857 438.857-438.857v0c242.286 0 438.857 196.571 438.857 438.857z"],"width":877.7142857142857,"attrs":[],"isMulticolor":false,"isMulticolor2":false,"tags":["arrow-circle-o-up"],"defaultCode":61467,"grid":14},"attrs":[],"properties":{"name":"arrow-circle-o-up","id":30,"order":42,"prevSize":28,"code":61467},"setIdx":0,"setId":2,"iconIdx":30},{"icon":{"paths":["M437.143 742.286c2.857 6.857 1.714 14.286-2.857 20l-200 219.429c-3.429 3.429-8 5.714-13.143 5.714v0c-5.143 0-10.286-2.286-13.714-5.714l-202.857-219.429c-4.571-5.714-5.714-13.143-2.857-20 2.857-6.286 9.143-10.857 16.571-10.857h128v-713.143c0-10.286 8-18.286 18.286-18.286h109.714c10.286 0 18.286 8 18.286 18.286v713.143h128c7.429 0 13.714 4 16.571 10.857z"],"width":438.85714285714283,"attrs":[],"isMulticolor":false,"isMulticolor2":false,"tags":["long-arrow-down"],"defaultCode":61813,"grid":14},"attrs":[],"properties":{"name":"long-arrow-down","id":336,"order":35,"prevSize":28,"code":61813},"setIdx":0,"setId":2,"iconIdx":336},{"icon":{"paths":["M437.143 281.714c-2.857 6.286-9.143 10.857-16.571 10.857h-128v713.143c0 10.286-8 18.286-18.286 18.286h-109.714c-10.286 0-18.286-8-18.286-18.286v-713.143h-128c-7.429 0-13.714-4-16.571-10.857s-1.714-14.286 2.857-20l200-219.429c3.429-3.429 8-5.714 13.143-5.714v0c5.143 0 10.286 2.286 13.714 5.714l202.857 219.429c4.571 5.714 5.714 13.143 2.857 20z"],"width":438.85714285714283,"attrs":[],"isMulticolor":false,"isMulticolor2":false,"tags":["long-arrow-up"],"defaultCode":61814,"grid":14},"attrs":[],"properties":{"name":"long-arrow-up","id":337,"order":34,"prevSize":28,"code":61814},"setIdx":0,"setId":2,"iconIdx":337},{"icon":{"paths":["M1024 457.143v109.714c0 10.286-8 18.286-18.286 18.286h-713.143v128c0 7.429-4 13.714-10.857 16.571s-14.286 1.714-20-2.857l-219.429-200c-3.429-3.429-5.714-8-5.714-13.143v0c0-5.143 2.286-10.286 5.714-13.714l219.429-202.286c5.714-5.143 13.143-6.286 20-3.429 6.286 2.857 10.857 9.143 10.857 16.571v128h713.143c10.286 0 18.286 8 18.286 18.286z"],"width":1060.5714285714284,"attrs":[],"isMulticolor":false,"isMulticolor2":false,"tags":["long-arrow-left"],"defaultCode":61815,"grid":14},"attrs":[],"properties":{"name":"long-arrow-left","id":338,"order":33,"prevSize":28,"code":61815},"setIdx":0,"setId":2,"iconIdx":338},{"icon":{"paths":["M987.429 510.286c0 5.143-2.286 10.286-5.714 13.714l-219.429 202.286c-5.714 5.143-13.143 6.286-20 3.429-6.286-2.857-10.857-9.143-10.857-16.571v-128h-713.143c-10.286 0-18.286-8-18.286-18.286v-109.714c0-10.286 8-18.286 18.286-18.286h713.143v-128c0-7.429 4-13.714 10.857-16.571s14.286-1.714 20 2.857l219.429 200c3.429 3.429 5.714 8 5.714 13.143v0z"],"width":987.4285714285713,"attrs":[],"isMulticolor":false,"isMulticolor2":false,"tags":["long-arrow-right"],"defaultCode":61816,"grid":14},"attrs":[],"properties":{"name":"long-arrow-right","id":339,"order":32,"prevSize":28,"code":61816},"setIdx":0,"setId":2,"iconIdx":339},{"icon":{"paths":["M1097.143 438.857c40.571 0 73.143 32.571 73.143 73.143s-32.571 73.143-73.143 73.143h-8.571l-65.714 378.286c-6.286 34.857-36.571 60.571-72 60.571h-731.429c-35.429 0-65.714-25.714-72-60.571l-65.714-378.286h-8.571c-40.571 0-73.143-32.571-73.143-73.143s32.571-73.143 73.143-73.143h1024zM277.143 896c20-1.714 35.429-19.429 33.714-39.429l-18.286-237.714c-1.714-20-19.429-35.429-39.429-33.714s-35.429 19.429-33.714 39.429l18.286 237.714c1.714 18.857 17.714 33.714 36.571 33.714h2.857zM512 859.429v-237.714c0-20-16.571-36.571-36.571-36.571s-36.571 16.571-36.571 36.571v237.714c0 20 16.571 36.571 36.571 36.571s36.571-16.571 36.571-36.571zM731.429 859.429v-237.714c0-20-16.571-36.571-36.571-36.571s-36.571 16.571-36.571 36.571v237.714c0 20 16.571 36.571 36.571 36.571s36.571-16.571 36.571-36.571zM932.571 862.286l18.286-237.714c1.714-20-13.714-37.714-33.714-39.429s-37.714 13.714-39.429 33.714l-18.286 237.714c-1.714 20 13.714 37.714 33.714 39.429h2.857c18.857 0 34.857-14.857 36.571-33.714zM272 166.857l-53.143 235.429h-75.429l57.714-252c14.857-66.857 73.714-113.714 142.286-113.714h95.429c0-20 16.571-36.571 36.571-36.571h219.429c20 0 36.571 16.571 36.571 36.571h95.429c68.571 0 127.429 46.857 142.286 113.714l57.714 252h-75.429l-53.143-235.429c-8-33.714-37.143-57.143-71.429-57.143h-95.429c0 20-16.571 36.571-36.571 36.571h-219.429c-20 0-36.571-16.571-36.571-36.571h-95.429c-34.286 0-63.429 23.429-71.429 57.143z"],"width":1170.2857142857142,"attrs":[],"isMulticolor":false,"isMulticolor2":false,"tags":["shopping-basket"],"defaultCode":62097,"grid":14},"attrs":[],"properties":{"name":"shopping-basket","id":600,"order":31,"prevSize":28,"code":62097},"setIdx":0,"setId":2,"iconIdx":600},{"icon":{"paths":["M704 640c-64 64-64 128-128 128s-128-64-192-128-128-128-128-192 64-64 128-128-128-256-192-256-192 192-192 192c0 128 131.5 387.5 256 512s384 256 512 256c0 0 192-128 192-192s-192-256-256-192z"],"tags":["phone","telephone","contact","support","call"],"defaultCode":59714,"grid":16,"attrs":[]},"attrs":[],"properties":{"ligatures":"phone, telephone","name":"phone","order":44,"id":67,"prevSize":32,"code":59714},"setIdx":1,"setId":1,"iconIdx":66},{"icon":{"paths":["M928 128h-832c-52.8 0-96 43.2-96 96v640c0 52.8 43.2 96 96 96h832c52.8 0 96-43.2 96-96v-640c0-52.8-43.2-96-96-96zM398.74 550.372l-270.74 210.892v-501.642l270.74 290.75zM176.38 256h671.24l-335.62 252-335.62-252zM409.288 561.698l102.712 110.302 102.71-110.302 210.554 270.302h-626.528l210.552-270.302zM625.26 550.372l270.74-290.75v501.642l-270.74-210.892z"],"tags":["envelop","mail","email","contact","letter"],"defaultCode":59717,"grid":16,"attrs":[]},"attrs":[],"properties":{"ligatures":"envelop, mail","name":"envelop","order":45,"id":70,"prevSize":32,"code":59717},"setIdx":1,"setId":1,"iconIdx":69},{"icon":{"paths":["M512 0c-176.732 0-320 143.268-320 320 0 320 320 704 320 704s320-384 320-704c0-176.732-143.27-320-320-320zM512 512c-106.040 0-192-85.96-192-192s85.96-192 192-192 192 85.96 192 192-85.96 192-192 192z"],"tags":["location","map-marker","pin"],"defaultCode":59719,"grid":16,"attrs":[]},"attrs":[],"properties":{"ligatures":"location, map-marker","name":"location","order":46,"id":72,"prevSize":32,"code":59719},"setIdx":1,"setId":1,